{
  "Линейные алгоритмы": {
    "map": "01_Lineynye_algoritmy.txt",
    "colors": {
      "0": "01_Lineynye_algoritmy/01_fantasticheskaya_doroga",
      "1": "01_Lineynye_algoritmy/02_stena_1",
      "2": "01_Lineynye_algoritmy/03_stena_2",
      "3": "01_Lineynye_algoritmy/04_zmeyka_1",
      "4": "01_Lineynye_algoritmy/05_zmeyka_2",
      "5": "01_Lineynye_algoritmy/06_fantasticheskaya_doroga_2",
      "6": "01_Lineynye_algoritmy/07_cvetok",
      "7": "01_Lineynye_algoritmy/08_webkumir",
      "8": "01_Lineynye_algoritmy/09_zabor"
    }
  },
  "Цикл N раз": {
    "map": "02_Cikl_N_raz.txt",
    "colors": {
      "0": "02_Cikl_N_raz/01_fantasticheskaya_doroga",
      "1": "02_Cikl_N_raz/02_lestnica",
      "2": "02_Cikl_N_raz/03_granicy",
      "3": "02_Cikl_N_raz/04_zmeyka_1",
      "4": "02_Cikl_N_raz/05_k",
      "5": "02_Cikl_N_raz/06_kvadrat_malevicha",
      "6": "02_Cikl_N_raz/07_uzory_so_sdvigom",
      "7": "02_Cikl_N_raz/08_uzory_so_sdvigom_2",
      "8": "02_Cikl_N_raz/09_uzory"
    }
  },
  "Тур по линейным алгоритмам и циклам n раз": {
    "map": "03_Tur_po_lineynym_algoritma.txt",
    "colors": {
      "0": "03_Tur_po_lineynym_algoritma/01_lksh",
      "1": "03_Tur_po_lineynym_algoritma/02_babochka",
      "2": "03_Tur_po_lineynym_algoritma/03_mech",
      "3": "03_Tur_po_lineynym_algoritma/04_pakman",
      "4": "03_Tur_po_lineynym_algoritma/05_smaylik",
      "5": "03_Tur_po_lineynym_algoritma/06_zmeyka_1",
      "6": "03_Tur_po_lineynym_algoritma/07_zmeyka_2",
      "7": "03_Tur_po_lineynym_algoritma/08_mnogoetazhka",
      "8": "03_Tur_po_lineynym_algoritma/09_zmeyka_3",
      "9": "03_Tur_po_lineynym_algoritma/10_zmeyka_4",
      "A": "03_Tur_po_lineynym_algoritma/11_fantasticheskaya_doroga"
    }
  },
  "Вложенные циклы (цикл в цикле)": {
    "map": "04_vlozhennye_cikly.txt",
    "colors": {
      "0": "04_vlozhennye_cikly/01_fantasticheskaya_doroga",
      "1": "04_vlozhennye_cikly/02_shahmatnoe_pole",
      "2": "04_vlozhennye_cikly/03_diagonal",
      "3": "04_vlozhennye_cikly/04_uzor",
      "4": "04_vlozhennye_cikly/05_zabor",
      "5": "04_vlozhennye_cikly/06_uslovie",
      "6": "04_vlozhennye_cikly/07_detektor",
      "7": "04_vlozhennye_cikly/08_anti_detektor",
      "8": "04_vlozhennye_cikly/09_do_konca"
    }
  },
  "Олимпиада экватор": {
    "map": "05_Olimpiada_ekvator.txt",
    "colors": {
      "0": "05_Olimpiada_ekvator/01_zvezdochka",
      "1": "05_Olimpiada_ekvator/02_sobachka",
      "2": "05_Olimpiada_ekvator/03_serdechko",
      "3": "05_Olimpiada_ekvator/04_kak_ya_lyublyu_cikly",
      "4": "05_Olimpiada_ekvator/05_cherez_raz",
      "5": "05_Olimpiada_ekvator/06_gorki",
      "6": "05_Olimpiada_ekvator/07_bust",
      "7": "05_Olimpiada_ekvator/08_plyusiki",
      "8": "05_Olimpiada_ekvator/09_kvadraty",
      "9": "05_Olimpiada_ekvator/10_pryamougolniki",
      "A": "05_Olimpiada_ekvator/11_cherez_raz_2d",
      "B": "05_Olimpiada_ekvator/12_plyusiki_2d",
      "C": "05_Olimpiada_ekvator/13_diagonali_versiya_2",
      "D": "05_Olimpiada_ekvator/14_4_vlozhennyh_cikla",
      "E": "05_Olimpiada_ekvator/15_uslovie",
      "F": "05_Olimpiada_ekvator/16_vsegda_est_vyhod",
      "G": "05_Olimpiada_ekvator/17_poisk_otverstiy",
      "H": "05_Olimpiada_ekvator/18_udachi",
      "I": "05_Olimpiada_ekvator/19_krolik"
    }
  },
  "Циклы пока": {
    "map": "06_Cikly_poka.txt",
    "colors": {
      "0": "06_Cikly_poka/01_fantasticheskaya_doroga",
      "1": "06_Cikly_poka/02_fantasticheskaya_doroga_s_zak",
      "2": "06_Cikly_poka/03_vert_fantasticheskaya_doroga",
      "3": "06_Cikly_poka/04_fantasticheskaya_doroga_s_zak_rand",
      "4": "06_Cikly_poka/05_vertikalnaya_fantasticheskaya_doroga_s_zak_rand",
      "5": "06_Cikly_poka/06_a_gde_stena",
      "6": "06_Cikly_poka/07_krutaya_lestnica",
      "7": "06_Cikly_poka/08_otstup",
      "8": "06_Cikly_poka/09_kvadrat_malevicha"
    }
  },
  "О lim 3 14 а да": {
    "map": "07_O_lim_3_14_a_da.txt",
    "colors": {
      "0": "07_O_lim_3_14_a_da/01_fantasticheskaya_doroga",
      "1": "07_O_lim_3_14_a_da/02_kotiki",
      "2": "07_O_lim_3_14_a_da/03_lestnica_2000",
      "3": "07_O_lim_3_14_a_da/04_zigurat",
      "4": "07_O_lim_3_14_a_da/05_poisk_otverstiy_2000",
      "5": "07_O_lim_3_14_a_da/06_stroim_mosty",
      "6": "07_O_lim_3_14_a_da/07_hhhh",
      "7": "07_O_lim_3_14_a_da/08_zmeyka_2000",
      "8": "07_O_lim_3_14_a_da/09_yamy",
      "9": "07_O_lim_3_14_a_da/10_vydelyaem",
      "A": "07_O_lim_3_14_a_da/11_most_2000",
      "B": "07_O_lim_3_14_a_da/12_otstup_2000"
    }
  },
  "Переменные": {
    "map": "08_Peremennye.txt",
    "colors": {
      "0": "08_Peremennye/01_fantasticheskaya_doroga",
      "1": "08_Peremennye/02_g",
      "2": "08_Peremennye/03_lestnica_2000",
      "3": "08_Peremennye/04_g_s_vychetom",
      "4": "08_Peremennye/05_lestnica_2000_s_vychetom",
      "5": "08_Peremennye/06_umnozhenie_na_2",
      "6": "08_Peremennye/07_ugol",
      "7": "08_Peremennye/08_zigurat_2000",
      "8": "08_Peremennye/09_zvezdochka"
    }
  },
  "Финальная олимпиада": {
    "map": "09_Finalnaya_olimpiada.txt",
    "colors": {
      "0": "09_Finalnaya_olimpiada/01_pacifik",
      "1": "09_Finalnaya_olimpiada/02_kirka",
      "2": "09_Finalnaya_olimpiada/03_I_you",
      "3": "09_Finalnaya_olimpiada/04_monstr",
      "4": "09_Finalnaya_olimpiada/05_monstr_2",
      "5": "09_Finalnaya_olimpiada/06_pryg_skok",
      "6": "09_Finalnaya_olimpiada/07_oshki",
      "7": "09_Finalnaya_olimpiada/08_shshki",
      "8": "09_Finalnaya_olimpiada/09_zavitushka",
      "9": "09_Finalnaya_olimpiada/10_sh_vverh_nogami",
      "A": "09_Finalnaya_olimpiada/11_otstup",
      "B": "09_Finalnaya_olimpiada/12_monstr_3",
      "C": "09_Finalnaya_olimpiada/13_nka",
      "D": "09_Finalnaya_olimpiada/14_zerkalo",
      "E": "09_Finalnaya_olimpiada/15_diagonalnoe_zerkalo"
    }
  },
  "Экспериментальный турнир по WebKumir 1.0": {
    "map": "10_Eksperimentalnyy_turnir.txt",
    "colors": {
      "0": "10_Eksperimentalnyy_turnir/01_fantasticheskaya_doroga",
      "1": "10_Eksperimentalnyy_turnir/02_8",
      "2": "10_Eksperimentalnyy_turnir/03_8n",
      "3": "10_Eksperimentalnyy_turnir/04_8nm",
      "4": "10_Eksperimentalnyy_turnir/05_bravl_stars",
      "5": "10_Eksperimentalnyy_turnir/06_graffiti",
      "6": "10_Eksperimentalnyy_turnir/07_ozero",
      "7": "10_Eksperimentalnyy_turnir/08_portal",
      "8": "10_Eksperimentalnyy_turnir/09_povezlo_povezlo"
    }
  },
  "4-я командная олимпиада школьников 6-7 класса по программированию в среде КуМир": {
    "map": "11_4ya_komandnaya_olimpiada.txt",
    "colors": {
      "0": "11_4ya_komandnaya_olimpiada/01_fantasticheskaya_doroga",
      "1": "11_4ya_komandnaya_olimpiada/02_konkurs_panno",
      "2": "11_4ya_komandnaya_olimpiada/03_torzhestvennaya_lineyka",
      "3": "11_4ya_komandnaya_olimpiada/04_amfiteatr",
      "4": "11_4ya_komandnaya_olimpiada/05_temperatura_v_reke",
      "5": "11_4ya_komandnaya_olimpiada/06_bumazhki",
      "6": "11_4ya_komandnaya_olimpiada/07_vyhod_iz_labirinta",
      "7": "11_4ya_komandnaya_olimpiada/08_den_imeninnika",
      "8": "11_4ya_komandnaya_olimpiada/09_nochnaya_zarnica",
      "9": "11_4ya_komandnaya_olimpiada/10_poldnik",
      "A": "11_4ya_komandnaya_olimpiada/11_shtrihkod"
    }
  },
  "Финальная олимпиада в ОКШ": {
    "map": "12_Finalnaya_olimpiada_v_OKS.txt",
    "colors": {
      "0": "12_Finalnaya_olimpiada_v_OKS/01_fantasticheskaya_doroga",
      "1": "12_Finalnaya_olimpiada_v_OKS/02_fantasticheskaya_doroga_2",
      "2": "12_Finalnaya_olimpiada_v_OKS/03_magazin",
      "3": "12_Finalnaya_olimpiada_v_OKS/04_magazin_2",
      "4": "12_Finalnaya_olimpiada_v_OKS/05_magazin_3",
      "5": "12_Finalnaya_olimpiada_v_OKS/06_f_doroga_v_magaz",
      "6": "12_Finalnaya_olimpiada_v_OKS/07_potasovka",
      "7": "12_Finalnaya_olimpiada_v_OKS/08_potasovka_2",
      "8": "12_Finalnaya_olimpiada_v_OKS/09_iz_magaza_v_potasovku",
      "9": "12_Finalnaya_olimpiada_v_OKS/10_spasitelnica",
      "A": "12_Finalnaya_olimpiada_v_OKS/11_spasitelnica_2",
      "B": "12_Finalnaya_olimpiada_v_OKS/12_iz_potasovki",
      "C": "12_Finalnaya_olimpiada_v_OKS/13_malenkaya_devochka",
      "D": "12_Finalnaya_olimpiada_v_OKS/14_malenkaya_devochka_2",
      "E": "12_Finalnaya_olimpiada_v_OKS/15_ot_spasitelnicy",
      "F": "12_Finalnaya_olimpiada_v_OKS/16_snova_magazin",
      "G": "12_Finalnaya_olimpiada_v_OKS/17_a_chto_dalshe",
      "H": "12_Finalnaya_olimpiada_v_OKS/18_esche_odna_nn_zadacha",
      "I": "12_Finalnaya_olimpiada_v_OKS/19_slozhnaya_zadacha"
    }
  },
  "Зимняя олимпиада КШ": {
    "map": "13_Zimnyaya_olimpiada_ksh.txt",
    "colors": {
      "0": "13_Zimnyaya_olimpiada_ksh/01_bolshoe_izobrazhenie",
      "1": "13_Zimnyaya_olimpiada_ksh/02_yolka_po_diagonali",
      "2": "13_Zimnyaya_olimpiada_ksh/03_snegovik",
      "3": "13_Zimnyaya_olimpiada_ksh/04_novogodnyaya_yolka",
      "4": "13_Zimnyaya_olimpiada_ksh/05_penki",
      "5": "13_Zimnyaya_olimpiada_ksh/06_ledyanaya_gorka",
      "6": "13_Zimnyaya_olimpiada_ksh/07_ng"
    }
  },
  "5-я командная олимпиада школьников 6-7 класса по программированию в среде КуМир (Зеркальный юбилей)": {
    "map": "14_5ya_komandnaya_olimpiada.txt",
    "colors": {
      "0": "14_5ya_komandnaya_olimpiada/01_podvodnoe_plavanie",
      "1": "14_5ya_komandnaya_olimpiada/02_komanata_smekha",
      "2": "14_5ya_komandnaya_olimpiada/03_avtoralli",
      "3": "14_5ya_komandnaya_olimpiada/04_boleem_za_svoih",
      "4": "14_5ya_komandnaya_olimpiada/05_vash_biletik",
      "5": "14_5ya_komandnaya_olimpiada/06_figurnoe_avtovozhdenie",
      "6": "14_5ya_komandnaya_olimpiada/07_teatr_tenej",
      "7": "14_5ya_komandnaya_olimpiada/08_bolshoj_meshok_podarkov",
      "8": "14_5ya_komandnaya_olimpiada/09_pojmaj_yablochko",
      "9": "14_5ya_komandnaya_olimpiada/10_lataem_dyrki",
      "A": "14_5ya_komandnaya_olimpiada/11_obgoni_volka",
      "B": "14_5ya_komandnaya_olimpiada/12_meandr",
      "C": "14_5ya_komandnaya_olimpiada/13_shahmatnyj_turnir",
      "D": "14_5ya_komandnaya_olimpiada/14_102",
      "E": "14_5ya_komandnaya_olimpiada/15_da_budet_svet",
      "F": "14_5ya_komandnaya_olimpiada/16_zhivaya_voda"
    }
  }
}